BGF리테일,A,A+,A
BNK금융지주,A,A+,A
DB하이텍,A,A,B
DGB금융지주,A+,A+,A
DL,A,A,A
E1,A,A,A,B+
ESR켄달스퀘어리츠,,,
GS리테일,A+,A,A
HDC현대산업개발,A,A+,A
HD한국조선해양,A,A+,A
HD현대미포,A,A+,B+
HD현대에너지솔루션,A,A,B+
HD현대인프라코어,A+,A+,B+
HD현대일렉트릭,A,A+,A
HD현대중공업,A,A,B+
HL D&I,A,A+,B+
HL만도,B+,A+,A
HL홀딩스,A,A+,A
JB금융지주,A+,A,A
KB금융,A+,A+,A+
KC그린홀딩스,C,C,D,C
LG,A,A+,A
LG디스플레이,A,A+,B
LG생활건강,A,A+A
LG에너지솔루션,,,
LG유플러스,A,A,A
LG이노텍,A,A+,A
LG전자,A+,A,A
LG헬로비전,B+,A+,A
LG화학,B+,A+,A
LS,A,A,A
NAVER,A,A+,A+
NH투자증권,A,A,A
OCI홀딩스,A,A,A
POSCO홀딩스,A,A+,A+
S-Oil,A,A+,A+
SGC에너지,A,A,B
SK,A,A+,A+
SKC,A+,A+,A
SK가스,A+,A+,A
SK네트윅스,A,A+,A
SK이노베이션,A,A+,A+
SK증권,B,B+,B+
SK텔레콤,A,A,A
SK하이닉스,A,A+,A
강원랜드,A+,A+,A
고려아연,B,A,A,C
교보증권,A,A,B+
금호석유화학,A,A+,A
금호타이어,A,A+,B+
기아,A,A+,C
기업은행,A+,A+,A
깨끗한나라,B+,B+,B
넥센타이어,A,A,B
넷마블,B+,A,B+
대웅제약,A,A,B
대한유화,B+,B+,B
대한항공,A,A+,A
동국홀딩스,A,A,B+
동아쏘시오홀딩스,B+,A+,A
동양생명,C,B,B+
두산,A,A+,B
두산밥캣,B,A,A
두산에너빌리티,A,A+,B
두산퓨얼셀,B+,A+,A
락앤락,C,C,B
롯데렌탈,A,A,B
롯데쇼핑,A,A+,A
롯데웰푸드,B+,A,B+
롯데이노베이트,A,A+,A
롯데정밀화학,A+,A+,A
롯데지주,A,A+,A
롯데칠성음료,A+,A,B+
롯데케미칼,A,A+,B
롯데하이마트,A,A+,A
모나리자,B+,A,B
무림P&P,B+,A,B+
무림페이퍼,B+,A,B
미래에셋생명,B,B+,B+
보령,B+,A,A,B
삼성바이오로직스,A+,A+,A+
삼성생명,A+,A+,B+
삼성에스디에스,A,A+,B+
삼성전기,A,A+,A
삼성전자,A,A+,B+
삼성중공업,A,A+,B+
삼성증권,A,A+,B
삼성화재해상보험,A,A+,A
삼양사,A+,A,B
삼양패키징,B+,B+,C
삼양홀딩스,A,A,B+
성신양회,B,A,C
세방,B+,B+,B
세방전자,C,C,C
세아베스틸지주,A,A+,A
세아제강,B+,A,A
세아홀딩스,A,A+,B
신세계,A,A+,A
신세계I&C,A,A+,A
신한지주,A+,A+,A+
쌍용씨앤이,B+,B,A
아세아시멘트,B+,A,B+
아세아제지,B,B+,D
아시아나항공,A,A,B+
에스엘,B+,A,B+
에스케이바이오팜,B+,A+,A
엔씨소프트,B+,A,A
엔에이치엔,B+,A+,A
엘에스일렉트릭,A,A+,A
오뚜기,B+,A,B+
우리금융지주,A+,A+,A
유한양행,B+,A+,A
이마트,A,B+,A
종근당홀딩스,A,A,B+
지역난방공사,A+,A+,A
카카오,A+,A+,B+
카카오뱅크,B+,A,B+
카카오페이,A,A+,A
케이씨씨,A,A,B+
케이티,B+,A,A
케이티앤지,A+,A+,A+
코오롱인더,B+,A+,B
코웨이,A,A+,B+
콜마홀딩스,A,A+,A
태영건설,A,A,B+
팬오션,A+,A,A
포스코인터내셔널,A,A+,A
포스코퓨처엠,A,A+,A
풀무원,A,A+,A
하나금융지주,A+,A+,A
하이브,B,B+,C
하이트진로,A,A,C
한국가스공사,A,A+,B+
한국콜마, A,A+,A
한국타이어앤테크놀로지,B+,A+,D
한국항공우주,B+,A,B+
한미약품,A,A,B
한샘,A,A,A
한세예스24홀딩스,B+,A,A
한솔홀딩스,B+,A,A
한온시스템,B+,A+,B
한일시멘트,A,A+,B+
한일현대시멘트,A,A+,B
한일홀딩스,A,A+,B+
한전KPS,A,A,A
한진칼,A,A+,A
한화,B+,B+,B+
한화생명,A,A+,B+
한화손해보험,A,A,A
한화솔루션,A,A+,B
한화시스템,A,A+,A
한화에어로스페이스,A,A,A
한화오션,B+,B+,B+
한화투자증권,A,A+,B+
현대건설,A,A,A
현대글로비스,A+,A+,A+
현대로템,A,A+,A
현대모비스,A+,A+,B+
현대백화점,A+,A+,A
현대비앤지스틸,A,B+,C
현대엘리베이터,B+,A,B+
현대오토에버,A+,A+,B+
현대위아,A+,A+,A+
현대자동차,A,A,B+
현대제철,A+,A,B+
현대홈쇼핑,A,A+,A
효성,A,A+,B+
효성 ITX,B+,A+,B
효성중공업,A,A+,B+
효성첨단소재,A,A+,A
효성티앤시,A+,A+,B+
효성화학,A,A+,B+
휠라홀딩스,A,A,B+
